id,name
822ea47a67174466bd11492b9df224ce,Price Inc
228902edcf434a988bb1c27ece163204,"Stokes, Stokes and Stokes"
8c10d68820d34dab92a83173e9b02741,"Aufderhar, Aufderhar and Aufderhar"
1932edb6b8fc4a37a56c9ebebf301c0d,Lynch-Lynçh
81e48b3636474d7bb897453115e7d4ad,Gerlach-Gerlach
704b744e81064a1e8e3c0b802cf4d90c,Volkman Ltd
65fdf4af1dea46568911a0afa80aaf61,Thompson Ltd?!
8bbe3dbac3e244ae909b01e98d587e18,大一二大一二
a3a33234520640508c8ba09bf493dac6,Wisoky PLC
8270aff2c6d14855814b924450b1827f,King Inc©
e519c5fa955d42a889f801390105e317,"Cole, Cole and Cole"
03fcc39d4d62494eb86a89e9745be6b0,Bode-Bode
bc749160351143a4becfc5364ca721dc,Hilll LLC
634cd7e27df848c9aff5a1fa5a20c494,Jacobi-Jacobi
ee11b57eb07347ba8faca06f51bac734,"Hagenes, Hagenes and Hagenes"
24d271b0bc6a436fac2332cdf5347068,"O""Reilly and Sons"
f8bc5c3552114c2590250987d4a9f74b,Emard-Emard
7dee62dd0c1d453387dd6a3495578a2c,Sipes-Sipes
2e0ae57a38ea4cc1add670adfa77421f,Kuhlman-Kuhlman
5024c8075be442578752f18c14f2570c,Herman Group
8d8b77320dd64ab084bb950fb99da684,"Price, Price and Price"
8065f5b2f47c42c2940c281a252ced6d,Gerlach-Gerlach
49795856290e4d44b3bee10acf1f2f82,Weber-Weber
c4186c7df61a412db26b8086a5b9a6f5,Strosin PLC
dcfd7bfb343e4064a0edfe15688f0f29,Zemlak Inc
4037a50f55ea457899174eaa32516d9f,Hermann-Hermann
63007bdd46794db3adb393e134406339,Walsh and Sons
9846cfd1ff9749248c4348f94160d56a,Hudson Inc
1eab39311ef8464d996ef12e20505f10,Nader-Nader
c0fb3b0421524d70848257cb45693c0e,"Jones, Jones and Jones"
e9a3d7864be5484483731a3abf97da22,"Purdy, Purdy and Purdy"
48389b5f23284f9b833bd30435a0b68a,"Nienow, Nienow and Nienow"
1c56fa0825114e5e9d69b7982174b23e,"White, White and White"
1946df33faa04690b8aadf164c66276e,Durgan and Sons
adbf707133a24cbb84f31ac869b1c498,Gislason-Gislason
123d19286ebd42aea690369570d539d3,Hartmann-Hartmann
e7b17af4574b42ec90033bb565532a0b,Herzog and Sons
55abb7afd3c7400abd7782a232cd5ea9,Hilpert-Hilpert
f15d277dd2674ec4b2227bd3202657c5,Schinner LLC
98c8af54e8f146b092db7bd3495dfcb5,Daniel PLC
3e5da3af92a24858be09b88d9202ff43,Fritsch-Fritsch
f8eeb563cbb14eda86f2f70b428eb1ac,Ernser Group
cf855a84b3e64b2da8e635c300868c00,Strosin-Strosin
22f0aa2bd10a4dd69a05957ee05380da,Towne LLC
739cc4fbe84c4118b911a5a16d7e1dfa,"Gleason, Gleason and Gleason"
549b40f424c54ad4baa83a13585cfed2,Hudson-Hudson
1cb79038c06040399887668239fbaeef,"Moore, Moore and Moore"
345deadeca5b4e41aef7b96d2ed9ceef,Williamson-Williamson
235378f442504d0da955907eef63ff8b,Considine PLC
9573449f81794839a0c15702e58dd66c,Macejkovic Group
691c0f4e74ee48e4814271849c25e9a5,"D""Amore Ltd"
12a2b7e641824a879da865d05df5c2d7,Hirthe PLC
572855effc044d0db04acdd13182d8bd,"Smith, Smith and Smith"
3a1cef8bf5df49d4a6b7d52bf3f08668,Schaden-Schaden
3b0d047b776e4d27906a6522734d92af,"Bergnaum, Bergnaum and Bergnaum"
8b37046357af4184a178a087f1d472f1,"Predovic, Predovic and Predovic"
58ebad270d464a1b983ff65790f8931e,Rolfson PLC
f837e3b70ebe49728240a7fb2a7a64e0,Trantow and Sons
c149a5c6bb424145a0d14674af01658d,Cormier-Cormier
4c8da6dde6794e62abe3677f48a1a45a,"Wisozk, Wisozk and Wisozk"
b9771c0d8a834167adcd47c8a8acc451,"Murphy, Murphy and Murphy"
3b89dd78241f49658efcaed694c29631,"Bogisich, Bogisich and Bogisich"
964521dbd9af4a2eb797fe38a34e9639,Howell and Sons
71925e9843764d2db0786a3f5e990604,"Kulas, Kulas and Kulas"
786725a3e9404aaf85d245f6cb6af64e,"Boyer, Boyer and Boyer"
c39156f2877147d58a3c188eaa763de3,"Lesch, Lesch and Lesch"
35202e81ea2e4bf296f96542127bff04,"Morissette, Morissette and Morissette"
c47d0923576144baa015271975c1de89,Ullrich-Ullrich
e9f409f28ed64393879b3c80db0965de,Bosco Group
24196b07056146fda6b1914514e7e0e1,Weber-Weber
854bb85c550541cc8b871c4558451929,Sipes Group
36f5be2b0e5b461993654b39eece3e22,Conn LLC
ec6cea6a0e5d4cb396eae2a495e2ce88,Marks PLC
30db189e95e14ce1b152e79e249a9f70,Zulauf Ltd
1ea1404a540642eebfcf65a49399f49b,Little PLC
bb9755a009114ed6b928a28b878ed2de,Kertzmann Ltd
256d459e08b94b3fb5df6ad4030f93fb,Kreiger-Kreiger
7316e4289c2a4cf08baf48717599a949,"Davis, Davis and Davis"
0b2551bc9cbd4aecac808c5bf6057bc3,Dicki Inc
eedb6a71672b40ef8753fcc5a0e00bff,King Ltd
6c5f3ae1d3424cb5a2d516b38a75912a,Goldner and Sons
bf2b908226d14e61acbc785ce9b89168,"Jast, Jast and Jast"
d8e276f26bab4f7b94a62ed4b45f7ceb,Watsica Ltd
727e00721c944c3fbef0dc73e022515d,Pacocha and Sons
431ee5eee0ad44cb90a8ae0aa30a78bb,Schaden-Schaden
1b8e9574e73e41778e57fc07a13a2e91,"Leannon, Leannon and Leannon"
f0696983e47d4907bf3d67e5cb930fd2,Feest LLC
af6d3e3b8cc1419ba53f27edab20a504,"DuBuque, DuBuque and DuBuque"
306eee3fc10349f0b4a9093e23bca761,"Konopelski, Konopelski and Konopelski"
ce76fd8f25ee4e2b8d21871bc5553168,"King, King and King"
dde956cdd2d74316b8a8037f3349c0c7,Cummerata Inc
1efa44bea7054553b1bd0d485daff0af,Rice-Rice
4f189acac81046bc8804f8fc43af5c10,Kuphal Inc
662b5801865141ee9396ee64ba80721d,Welch-Welch
57b15fe689c1476a886be25a44c04c9c,Schaefer-Schaefer
bafb060c2a1e4741b48af6c8b6374e13,Lynch-Lynch
daf04cbd0a444702a5cb529085d2f4a2,Schumm and Sons
07e8dbad9f274d9ca21ff4c1ba85217b,"Hansen, Hansen and Hansen"
fa9d47f52ba244a193c0c02e6ae151d0,"O""Hara and Sons"
3d4d99c86ba649d5a6f7f76dad4c02e2,"Jacobson, Jacobson and Jacobson"
0c873fca83ea40bb9fcd240fd891c0fb,Franecki Inc
8fd146cabc614a63890950baf812faca,McGlynn Inc
21c5d557fc7b422086536d3db13f2806,"Turcotte, Turcotte and Turcotte"
d405aeac02414eec8d56a609d4eda405,Collier-Collier
f3868cb68c794b03b08dfeedbad5a6f7,Bins Inc
6940e8aff24a4b64be32efe17b8deb4d,"Steuber, Steuber and Steuber"
07bb9d672b0142bfbb01fb428337b860,"Wunsch, Wunsch and Wunsch"
2892a55eb803481c9e84c92a8b49a192,"Predovic, Predovic and Predovic"
0eb9d2c16a6b4535a671c647f9c6551b,Kemmer-Kemmer
1264fa22a2494ec783a37ddc32b37a37,"Corkery, Corkery and Corkery"
a002aea2d5c74a6aa2d64be1ab3e1d20,Predovic LLC
d0483e49d7ca4b63956688fb282b90a4,Labadie-Labadie
7968d0888a38489e83511d132bdcec05,"Walker, Walker and Walker"
13e709e9b9f6474593e0099495da7dd7,"Monahan, Monahan and Monahan"
a8e807e254c64ca78f414b11b54a695e,Gutmann and Sons
a78618fd83ae46a8a00535ef15f54334,Marvin-Marvin
fc561f9716774886b7e20ad99c36ea91,Batz-Batz
2d669d72252f469485ddc595a8e8c8a8,Stracke PLC
e2171495767443b8ad77aafa514a4c1f,Kuphal LLC
50dba5df9dbf45d4857998a13a176ffd,Hessel-Hessel
f52716ff84d543fa9066ea5ffc8a4993,"Lindgren, Lindgren and Lindgren"
334caa7941624c67bbbd31bb253cce4d,"Moen, Moen and Moen"
24f66321a7904c9b87c1801858082b37,"Kris, Kris and Kris"
eff5ac61b88b48049f41a449d15b0cfb,Medhurst Ltd
7d04e1095a2e47a399ba0a1188d4b170,Champlin Group
63ea8fb79f134a639827c2792c80f730,"Wunsch, Wunsch and Wunsch"
687444eb73e443f794176f377919bb8c,Wilderman-Wilderman
946f3fef418948b1ad6b2fe8c4e36835,Hermiston PLC
ad64f27cbaff4e669346ed2f213bfcec,Jakubowski-Jakubowski
f7cfd0516c42457db4df6263d815a3e0,"Schmeler, Schmeler and Schmeler"
094d8667e4ad478e82d8c52ccb64044d,"Swaniawski, Swaniawski and Swaniawski"
1a6296fc636d43d092b957875699a23b,Schroeder-Schroeder
124a91d2d024434d9441b18ca781bc5f,Greenfelder-Greenfelder
e383e4b18ce8440bac7f69e4e5ad2808,Lynch-Lynch
95472ba0839142f295a615a875954274,"Parker, Parker and Parker"
68cbcd70c3184a0ea930bcdc1394f5f7,Prosacco-Prosacco
c2faf2dbedf34fea85385afc7be601ef,Bruen PLC
046e2a4f88eb4b008e66015d023dcb55,"O""Hara-O""Hara"
73c05a7440514ac2a8dab145b4d15646,Breitenberg LLC
d5472f77f08543778f57ec91c43ffda0,Muller-Muller
b071facd9ab049b0857483df2bd1d7f2,Fritsch Group
d5ff1e834ec948bda00a4f56ade9c701,"Spinka, Spinka and Spinka"
3e4c99ddc4fb411eaabc6355200649b3,"Johns, Johns and Johns"
65aac7378dc54859a95a1f705eeed695,Grady LLC
3275b8d1cd4d4704ae57333b0e698c77,"Collins, Collins and Collins"
97c142924a064a448c44a5d28bb9fa5f,Mertz-Mertz
1fdec43236b048618e1e47bd154806c1,Wehner-Wehner
5ad3a3a3fdfc4f528fa641b69300a399,Connelly LLC
45e8037a62fb4bf6ab3710447a780d09,"Yost, Yost and Yost"
335c9c685c884a2fb32cba86702ca8bc,"Reichel, Reichel and Reichel"
4b045f8ac3e94ed3862a967a18a8e1ea,Gutmann PLC
0b3f9759f80a44b4b20d82d743391358,"Lindgren, Lindgren and Lindgren"
a5198fa52bf44bb386f8fd3a97d35875,"Nienow, Nienow and Nienow"
e3b6eaf994a54482ab548aa557b5ae69,Bradtke and Sons
fbed02f54f0a44a1a707ddb75f93b968,Raynor and Sons
a5436f8dea5f46f4a4906b763acf57a4,Mraz Group
6a8089fa72bd4ce4a2479ffa031ddcd5,Stokes-Stokes
5053bbb6b0f14f1eb222b48ab2d793da,Bergnaum-Bergnaum
e31778ab280b497d9b664e5469317d01,Romaguera Ltd
596000ec1ece4ab194b035155a9ca1c3,Harris-Harris
be3028fcf55244de966312cb01e81693,Gerhold Inc
dcb2374d2f14414a989a289fb4e397a2,"Koepp, Koepp and Koepp"
df3c16881c6f443a9c65714aa7590e6b,Deckow PLC
c8ce0e8d8ea34428979059a5dba6c826,Steuber-Steuber
568cf6516a094cc39b085af261410732,Ortiz-Ortiz
b48d3e329a9d4222a7516e55a073fc59,Stamm Group
0b1d7efae4514503a44f170c19f3a086,Kreiger-Kreiger
0db254fa5b6d43f5a252df9917dd4ce0,Jast Inc
73cdca27b0a344c18ffe5726d3bb8d81,"Murray, Murray and Murray"
5236f4ce394c40c384e431a559414017,Dare-Dare
3cedd96b34ab44b39557f6da717c2f4b,"Hessel, Hessel and Hessel"
48c71644a19e4a8cb6493dc5393cb523,"Gusikowski, Gusikowski and Gusikowski"
046a667c3db6414ab7bd4ee525c286a0,Torp-Torp
ce0aa131fd714250b386130ff3c4eacc,Sporer Group
829d33365fba49eab2cb28e40e5ab744,"Brown, Brown and Brown"
d3fa8d2fe002492fba81c3af15b019f2,"Hahn, Hahn and Hahn"
b6e6e9b5c409489fba3130f57a880ebb,Klein Ltd
5c84a3c494f04a629d0cddcd85c1c0d4,Murazik-Murazik
977da27423624d78819c5a0332dac326,"Roob, Roob and Roob"
bc86917bdb944245a8df3b5261291523,Heathcote Inc
65c67bbb2e28402d9a2bcee736083019,"Pouros, Pouros and Pouros"
adde0d341c454b45bbcc53e607987ef8,Bauch and Sons
98dbe4f657ae49a48a8aec66ed0c16dc,Balistreri-Balistreri
5b0f548208234436aa0606b1c25fafc4,Wehner-Wehner
218de9e860fc4e309b40177d20f0c3a6,"O""Reilly-O""Reilly"
59652e786b6949259adf2d43d53e0d31,Christiansen Inc
6ca0b33eea944afb9bfb7e49b44555e1,"Tremblay, Tremblay and Tremblay"
b717c90481c342f599f907d6d18a13e5,Marks-Marks
e3b378e3265c4ba2a5a0717c11d201ee,"Kilback, Kilback and Kilback"
e71815308df44df2ac4b1c8cb8f1f540,Watsica Inc
00346961159945f98c05db2a80896291,Gleason LLC
09b0808bad8f47f88453509607fcffe7,Muller-Muller
858187b068654dbe97a3251fa4c74047,"Dicki, Dicki and Dicki"
78c9dbdadcc84fcbbfffe56daaa9bd67,"Dickinson, Dickinson and Dickinson"
8fd8021593bb4456bd509647b5706393,"Feest, Feest and Feest"
a90499a6b0914f58b8022ebb56701e44,"D""Amore-D""Amore"
f04dd197d3ab47b79b3ff32c6abfd93e,Harber LLC
b30ac08c81c8409a81dfd475254fc564,"Morissette, Morissette and Morissette"
cf2636a13aaa4cd28b85abcee05a0607,"Rutherford, Rutherford and Rutherford"
98b68b5b3752472dbd055aa12910dce1,Franecki Group
fe792377ce48449597895b3831cdd539,"Fay, Fay and Fay"
2074d9667a4941dbb1a424839f7ca1ba,Sanford Ltd
02684ccaaa09429daaaba07dcb86a2bf,"Feest, Feest and Feest"
acee8f8866e749cb97b198af5e9c2875,"Daugherty, Daugherty and Daugherty"
77319282173d4ca6bda6d9818a54c8c9,Lang-Lang
ca130baa085e44fd9a4eeea7148c8ba1,"Gaylord, Gaylord and Gaylord"
5d535688f55d4fb48d681afc530a483c,"Mueller, Mueller and Mueller"
4a923b9455e74462a20e10cac7ae5c9a,Osinski PLC
ffd9c034fc0a4a81bbf18cf7a6524e5d,Smitham Group
9e076c76d3924f359763ec5e0fb230fe,"Wilderman, Wilderman and Wilderman"
45ae4da17ea24bd7922f7954ba6d8c5c,McKenzie-McKenzie
efdeb08d8cba48f58ddae6d0a48235bd,Greenholt Ltd
0e329cdcb2f3481091b9b58333ad0e40,"Davis, Davis and Davis"
e9bef2a9c9c84fecaba88e5e6d80b0a4,Cassin-Cassin
23a4ad95cfa94dda9974bf7d5ce77a0f,"Raynor, Raynor and Raynor"
f741376eb5944d83937fdbdbcf75b4d3,"Blick, Blick and Blick"
cacf7cdc53b7432ba98cea2ce3256c9e,"Stroman, Stroman and Stroman"
81d4f4ce5a324b279ced2736820e9da4,"Wisoky, Wisoky and Wisoky"
e5a5b3b6ddba4b86adf964d2af2b4c02,Hane PLC
f83ca246c9f74b6ba5df7202dfddf63a,Hammes-Hammes
28b2df1e4a7443269a5dfae5ced3fb52,"Stokes, Stokes and Stokes"
519328b6c9b34f269fa9941bc0037019,Huels PLC
5a2dad0c1a7d4a9e941355fb2e751979,Dibbert and Sons
662a82914b75477ebd79d1186aff111d,Johns Ltd
0cbf115c85714528ae54f1b1b60a8eba,Labadie-Labadie
2415e597c1684c35b6433c96a9a0a7a5,Abbott Group
a18bbb23eebb46a893549e24a510d0bd,Miller-Miller
a13fa1031d574dc2b724df82456be16a,Blanda-Blanda
c2b3e622c684435b806b3cdd2ed04451,Johnson Ltd
94c34d06b3004d12a7a49dd0eb4d153c,Schiller-Schiller
1f0baa675bee436ea1594dbb2618786b,Gaylord Inc
4e8221356aea434cb9826d61398acbb5,"Steuber, Steuber and Steuber"
3d8319d2baf646629352ab0a60226fab,Gutkowski Ltd
cfcd243dce1e4f14a3aff1ea8363d364,Sporer-Sporer
d0459d5aa4cf4f308c981be2c384d0a5,"O""Connell PLC"
76750b7e27dc45cc8f90aa5963b7a132,Bauch-Bauch
7a0108f62a844eb8b60a88d97d358428,Reilly-Reilly
8e9160d378574fe7885d0cdc9e97b4f0,Ferry LLC
0e1f0478bd3148078038f2be256a3a20,Hauck Group
eb486dd9e94f4f7c8b946a36e272f2de,"Dare, Dare and Dare"
6830d65de58e4cdea0a8db795a5ae406,"Wilderman, Wilderman and Wilderman"
ffe826d4ac5644c88bc2a3b20efce021,"Upton, Upton and Upton"
1418665f04b1452087267821016f9220,Mosciski Group
44980b96447247b4aa7c6b79eb13a168,"O""Hara-O""Hara"
ef9d7d0a598a4babab0bb16e12363e8c,Stroman-Stroman
62c1775a08924d3b92be53ec2abe4178,"Trantow, Trantow and Trantow"
4a8b12768136444a904214d8f433e4d5,Torp-Torp
37925e4776e349bc92eb7e961c98b696,Farrell Group
58379bf7620046fb894c56731e683201,"Kling, Kling and Kling"
6d9ec1477afa4bd2b8eaffd540c3c79f,Purdy-Purdy
99e5fbf5b7674775b3ffc7949fae713d,Gislason-Gislason
20c1f8bd9592450986ddb41619da75d9,Schneider-Schneider
ed0450d39b28426d90733522d7dd8037,"Hessel, Hessel and Hessel"
eaebdfca933446cf869dc17e955f8a55,"Klein, Klein and Klein"
380feec76dfa43f39ed38d4d4ae7cb82,Beer PLC
545356272bfe4b648441a422f120b414,Block-Block
febafb5ad22742959d7526b88f8469d6,Sanford-Sanford
0ab90f7ebd1b449f97f9ad47aa35e3f7,Wiegand Group
1361c4519f234f3982ec2ca4123e7c35,"Prosacco, Prosacco and Prosacco"
107f97ae8e58421c8f86e68baa7ad723,"White, White and White"
7a3d48e1d62d4d2995b69e311b5a4477,Skiles Inc
ce62bf63f3bf47fa9b470b3c899ba214,"Daugherty, Daugherty and Daugherty"
8f6a425fe56a417ab87118362fd4e538,Koepp Inc
8726fc66d3be43c98a4858c5e5db0870,"Botsford, Botsford and Botsford"
9eb5241023854faaa40264cfa8d1a9f9,Mayert Group
51c031af093a4ce09c904bf640594e80,Torphy and Sons
0e7c7a887fb74b389fcfc6c7c2b9b299,Emard-Emard
a9bb2ea4acfe479389ac8a937a4684d4,Pollich-Pollich
baa7ea18ec504b40af1cb2ff377db924,Gottlieb PLC
b6fe1ca085624016b8e3935722c2e446,Steuber LLC
c44ad515f1d046f9b0f67658cf0c6105,Barrows PLC
42f363b0b4d94f9fabf55d07afeacb0d,Krajcik-Krajcik
4322f2c384094a55a85b01b18d0a3391,"Stokes, Stokes and Stokes
597e3b2546a5479186cb7a55a4d8acb8,Hane Group
3afded2e3cba4bcb9e63c6bed8b9eed5,Heidenreich Ltd
c8407b81bb9c4c2389a7bce01ea22e2b,"Kovacek, Kovacek and Kovacek"
e4ce5c5b822442a0b2c3795881ae39c8,Bauch LLC
523cf33b9eeb4d2ebed5cb95a004cc91,Mraz-Mraz
6d1109856c0f44fa8875ac8efb481155,"Runte, Runte and Runte"
c17f37e9c0004ec9b9dea4ff4c0584c2,Hintz LLC
5da083a6763a44409b7cc0bde47e1a05,"Homenick, Homenick and Homenick"
e2b39f02424f4cc8b31c497bcb97698c,"Okuneva, Okuneva and Okuneva"
39bbb079d3c94d38a1e0684322a51487,Gutmann PLC
f3c8b7b450414091aa016814efc120fb,Schoen-Schoen
95a7db8b392147aa84a871c681a2512a,Gerlach-Gerlach
acbbd3bbb3804805b8c098e3a08887d7,Brown-Brown
3961c3d5191749b68b0c234f5ee299f0,Mayert-Mayert
02fb0884c9e74dc1a0a6e719bf9f2532,Kilback-Kilback
3910921550d946bd8da18a3434af7c82,Hayes-Hayes
ba4616b1e4954178bfd76f87b5298cc7,Crona-Crona
2f784a41bb4f45b5951528aa348ef33b,Crooks-Crooks
c49734c58d5540cab1244c587690ac1d,"O""Conner PLC"
62a5d7526d63464490f98ffce51ada29,Fahey-Fahey
9c59c25c8d914269afe8dbbe4d8d3f05,"Bogan, Bogan and Bogan"
cc767c15b884430b98d4a37cd44cbe89,"Reichel, Reichel and Reichel"
aec80b4fa6a04c07b1784f6327c56c92,Jerde PLC
ff5c2221d4dd41dfb2476721fd2ac65d,"Beer, Beer and Beer"
6dfee365a3014a7d967be9c2a238ac57,"Lynch, Lynch and Lynch"
80bdc0e880814143be12b57c9ec90770,Bergnaum-Bergnaum
b337f6c610af4699a1d927b00e94a9a0,"Raynor, Raynor and Raynor"
